location,timestamp,avg_pm25,temperature,humidity,avg_pm25_zscore,rolling_avg_pm25,lag1_pm25,rate_of_change_pm25,parameter,units,day_of_week,hour_of_day,pm25_x_humidity
New Delhi-8118,2025-04-05T19:30:00.000Z,108.0,22.238838504529046,40.19076461780266,1.4125133123963407,108.0,,,pm25,ug/m3,7,19,4340.602578722687
New Delhi-8118,2025-04-05T20:30:00.000Z,107.0,35.478148868980774,36.50946009812825,1.3757879662740358,107.5,108.0,-1.0,pm25,ug/m3,7,20,3906.512230499723
New Delhi-8118,2025-04-05T21:30:00.000Z,117.0,11.041462162728733,50.52237459353843,1.7430414274970842,110.66666666666667,107.0,10.0,pm25,ug/m3,7,21,5911.117827443996
New Delhi-8118,2025-04-05T22:30:00.000Z,147.0,36.816449621627825,35.68397534680715,2.84480181116623,123.66666666666667,117.0,30.0,pm25,ug/m3,7,22,5245.544375980651
New Delhi-8118,2025-04-05T23:30:00.000Z,154.0,24.208074776873154,31.862916132399924,3.101879234022364,139.33333333333334,147.0,7.0,pm25,ug/m3,7,23,4906.889084389588
New Delhi-8118,2025-04-06T00:30:00.000Z,150.0,16.556061000465185,48.57122223728753,2.9549778495331447,150.33333333333334,154.0,-4.0,pm25,ug/m3,1,0,7285.683335593129
New Delhi-8118,2025-04-06T01:30:00.000Z,109.0,32.17768099079824,64.30442587451654,1.4492386585186454,137.66666666666666,150.0,-41.0,pm25,ug/m3,1,1,7009.182420322303
New Delhi-8118,2025-04-06T02:30:00.000Z,96.0,32.31151852330933,80.46109849260222,0.9718091589286825,118.33333333333333,109.0,-13.0,pm25,ug/m3,1,2,7724.265455289813
New Delhi-8118,2025-04-06T03:30:00.000Z,86.0,10.859248286474362,33.43019287681668,0.6045556977056339,97.0,96.0,-10.0,pm25,ug/m3,1,3,2874.9965874062345
New Delhi-8118,2025-04-06T04:30:00.000Z,72.0,26.310105933947348,33.10091989329097,0.09040085199336599,84.66666666666667,86.0,-14.0,pm25,ug/m3,1,4,2383.2662323169498
New Delhi-8118,2025-04-06T05:30:00.000Z,64.0,39.24786779141065,89.48016505971235,-0.20340191698507282,74.0,72.0,-8.0,pm25,ug/m3,1,5,5726.73056382159
New Delhi-8118,2025-04-06T06:30:00.000Z,46.0,32.01742704874164,24.96357338639117,-0.8644581471865602,60.666666666666664,64.0,-18.0,pm25,ug/m3,1,6,1148.324375773994
New Delhi-8118,2025-04-06T07:30:00.000Z,59.0,39.79187249915262,62.799137940236434,-0.3870286475965971,56.333333333333336,46.0,13.0,pm25,ug/m3,1,7,3705.1491384739497
New Delhi-8118,2025-04-06T08:30:00.000Z,45.0,26.714850198546443,79.6903639342558,-0.901183493308865,50.0,59.0,-14.0,pm25,ug/m3,1,8,3586.066377041511
New Delhi-8118,2025-04-06T09:30:00.000Z,36.0,13.136022630176937,38.574802784123094,-1.2317116084096087,46.666666666666664,45.0,-9.0,pm25,ug/m3,1,9,1388.6929002284314
New Delhi-8118,2025-04-06T10:30:00.000Z,28.0,14.409644352883571,65.4526296535418,-1.5255143773880475,36.333333333333336,36.0,-8.0,pm25,ug/m3,1,10,1832.6736302991706
New Delhi-8118,2025-04-06T11:30:00.000Z,26.0,29.979862904556413,49.90159383143502,-1.5989650696326572,30.0,28.0,-2.0,pm25,ug/m3,1,11,1297.4414396173106
New Delhi-8118,2025-04-06T12:30:00.000Z,24.0,13.538759585026519,53.412672693283504,-1.6724157618772668,26.0,26.0,-2.0,pm25,ug/m3,1,12,1281.9041446388042
New Delhi-8118,2025-04-06T13:30:00.000Z,28.0,17.69076361473557,29.4320970739208,-1.5255143773880475,26.0,24.0,4.0,pm25,ug/m3,1,13,824.0987180697824
New Delhi-8118,2025-04-06T14:30:00.000Z,53.0,26.81970980984061,80.128010493634,-0.6073807243304262,35.0,28.0,25.0,pm25,ug/m3,1,14,4246.784556162602
New Delhi-8118,2025-04-06T15:30:00.000Z,49.0,30.47968080035676,32.30567587485138,-0.7542821088196456,43.333333333333336,53.0,-4.0,pm25,ug/m3,1,15,1582.9781178677176
New Delhi-8118,2025-04-06T16:30:00.000Z,46.0,28.8226394507571,50.662174600719865,-0.8644581471865602,49.333333333333336,49.0,-3.0,pm25,ug/m3,1,16,2330.460031633114
New Delhi-8118,2025-04-06T17:30:00.000Z,61.0,34.61594494664072,70.76653592826553,-0.3135779553519874,52.0,46.0,15.0,pm25,ug/m3,1,17,4316.758691624197
New Delhi-8118,2025-04-06T18:30:00.000Z,73.0,33.1405370488931,42.09712734676664,0.12712619811567083,60.0,61.0,12.0,pm25,ug/m3,1,18,3073.0902963139647
New Delhi-8118,2025-04-06T19:30:00.000Z,74.0,24.24106450918631,21.77601696277693,0.16385154423797568,69.33333333333333,73.0,1.0,pm25,ug/m3,1,19,1611.4252552454927
New Delhi-8118,2025-04-06T20:30:00.000Z,86.0,37.78905807589524,85.57287176052542,0.6045556977056339,77.66666666666667,74.0,12.0,pm25,ug/m3,1,20,7359.266971405185
New Delhi-8118,2025-04-06T21:30:00.000Z,90.0,27.328554577242578,33.05136250579015,0.7514570821948533,83.33333333333333,86.0,4.0,pm25,ug/m3,1,21,2974.6226255211136
New Delhi-8118,2025-04-06T22:30:00.000Z,93.0,14.784031005410522,61.81301331842458,0.8616331205617679,89.66666666666667,90.0,3.0,pm25,ug/m3,1,22,5748.610238613486
New Delhi-8118,2025-04-06T23:30:00.000Z,91.0,29.810213285644924,82.1573179727618,0.7881824283171582,91.33333333333333,93.0,-2.0,pm25,ug/m3,1,23,7476.315935521324
New Delhi-8118,2025-04-07T00:30:00.000Z,97.0,23.24834760006173,38.0888272049841,1.0085345050509873,93.66666666666667,91.0,6.0,pm25,ug/m3,2,0,3694.6162388834578
New Delhi-8118,2025-04-07T01:30:00.000Z,104.0,21.51798257368919,72.26805353258288,1.2656119279071212,97.33333333333333,97.0,7.0,pm25,ug/m3,2,1,7515.877567388619
New Delhi-8118,2025-04-07T02:30:00.000Z,152.0,11.781691857097943,26.498833034367664,3.028428541777754,117.66666666666667,104.0,48.0,pm25,ug/m3,2,2,4027.822621223885
New Delhi-8118,2025-04-07T03:30:00.000Z,154.0,14.977869216483935,81.63230060036182,3.101879234022364,136.66666666666666,152.0,2.0,pm25,ug/m3,2,3,12571.37429245572
New Delhi-8118,2025-04-07T04:30:00.000Z,154.0,34.891318847452446,36.25679296880661,3.101879234022364,153.33333333333334,154.0,0.0,pm25,ug/m3,2,4,5583.546117196218
New Delhi-8118,2025-04-07T05:30:00.000Z,138.0,21.06361860004334,30.026405964939947,2.5142736960654863,148.66666666666666,154.0,-16.0,pm25,ug/m3,2,5,4143.6440231617125
New Delhi-8118,2025-04-07T06:30:00.000Z,98.0,34.971786349376856,88.98513840012258,1.0452598511732922,130.0,138.0,-40.0,pm25,ug/m3,2,6,8720.543563212013
New Delhi-8118,2025-04-07T07:30:00.000Z,54.0,29.18323913462671,59.02969805668916,-0.5706553782081214,96.66666666666667,98.0,-44.0,pm25,ug/m3,2,7,3187.6036950612147
New Delhi-8118,2025-04-07T08:30:00.000Z,45.0,26.621106842139262,59.276990508397894,-0.901183493308865,65.66666666666667,54.0,-9.0,pm25,ug/m3,2,8,2667.464572877905
New Delhi-8118,2025-04-07T09:30:00.000Z,44.0,19.32218834842817,36.51806417127865,-0.9379088394311699,47.666666666666664,45.0,-1.0,pm25,ug/m3,2,9,1606.7948235362608
New Delhi-8118,2025-04-07T10:30:00.000Z,39.0,30.72116552047801,35.978431471659626,-1.121535570042694,42.666666666666664,44.0,-5.0,pm25,ug/m3,2,10,1403.1588273947254
New Delhi-8118,2025-04-07T11:30:00.000Z,48.0,28.483521969040478,86.37845043577119,-0.7910074549419505,43.666666666666664,39.0,9.0,pm25,ug/m3,2,11,4146.165620917017
New Delhi-8118,2025-04-07T12:30:00.000Z,46.0,39.518724618626365,37.269658889836876,-0.8644581471865602,44.333333333333336,48.0,-2.0,pm25,ug/m3,2,12,1714.4043089324964
New Delhi-8118,2025-04-07T13:30:00.000Z,50.0,37.20071615488983,83.03025052300256,-0.7175567626973408,48.0,46.0,4.0,pm25,ug/m3,2,13,4151.512526150128
New Delhi-8118,2025-04-07T14:30:00.000Z,63.0,36.51533815061973,70.19458982150128,-0.24012726310737767,53.0,50.0,13.0,pm25,ug/m3,2,14,4422.25915875458
New Delhi-8118,2025-04-07T15:30:00.000Z,72.0,34.10374067381499,26.755220387961565,0.09040085199336599,61.666666666666664,63.0,9.0,pm25,ug/m3,2,15,1926.3758679332327
New Delhi-8118,2025-04-07T16:30:00.000Z,81.0,22.377262287290193,64.70226217099281,0.42092896709410965,72.0,72.0,9.0,pm25,ug/m3,2,16,5240.883235850418
New Delhi-8118,2025-04-07T17:30:00.000Z,87.0,22.988954236050233,69.35091576528839,0.6412810438279388,80.0,81.0,6.0,pm25,ug/m3,2,17,6033.5296715800905
New Delhi-8118,2025-04-07T18:30:00.000Z,101.0,27.33978867176447,56.70500614320014,1.1554358895402068,89.66666666666667,87.0,14.0,pm25,ug/m3,2,18,5727.205620463214
New Delhi-8118,2025-04-07T19:30:00.000Z,109.0,23.210271247001923,37.136705290155476,1.4492386585186454,99.0,101.0,8.0,pm25,ug/m3,2,19,4047.9008766269467
New Delhi-8118,2025-04-07T20:30:00.000Z,120.0,20.031286353037927,48.44963168007159,1.8532174658639988,110.0,109.0,11.0,pm25,ug/m3,2,20,5813.955801608591
New Delhi-8118,2025-04-07T21:30:00.000Z,104.0,27.53413743533319,72.22678754968979,1.2656119279071212,111.0,120.0,-16.0,pm25,ug/m3,2,21,7511.585905167738
New Delhi-8118,2025-04-07T22:30:00.000Z,107.0,15.404460309828348,69.78244037813099,1.3757879662740358,110.33333333333333,104.0,3.0,pm25,ug/m3,2,22,7466.721120460015
New Delhi-8118,2025-04-07T23:30:00.000Z,101.0,23.761771838258966,30.40797989683574,1.1554358895402068,104.0,107.0,-6.0,pm25,ug/m3,2,23,3071.20596958041
New Delhi-8118,2025-04-08T00:30:00.000Z,99.0,38.81296318973072,82.84600991888865,1.081985197295597,102.33333333333333,101.0,-2.0,pm25,ug/m3,3,0,8201.754981969976
New Delhi-8118,2025-04-08T01:30:00.000Z,98.0,36.33741425724554,23.299317473070147,1.0452598511732922,99.33333333333333,99.0,-1.0,pm25,ug/m3,3,1,2283.3331123608746
New Delhi-8118,2025-04-08T02:30:00.000Z,120.0,39.60140917971337,66.76694250137491,1.8532174658639988,105.66666666666667,98.0,22.0,pm25,ug/m3,3,2,8012.033100164989
New Delhi-8118,2025-04-08T03:30:00.000Z,102.0,38.87170231260476,87.42690261992549,1.1921612356625115,106.66666666666667,120.0,-18.0,pm25,ug/m3,3,3,8917.5440672324
New Delhi-8118,2025-04-08T04:30:00.000Z,98.0,26.487999514027635,63.30353721161347,1.0452598511732922,106.66666666666667,102.0,-4.0,pm25,ug/m3,3,4,6203.74664673812
New Delhi-8118,2025-04-08T05:30:00.000Z,100.0,30.191698223291898,60.316649178445864,1.1187105434179019,100.0,98.0,2.0,pm25,ug/m3,3,5,6031.664917844587
New Delhi-8118,2025-04-08T06:30:00.000Z,88.0,32.073853865593065,34.01389307344736,0.6780063899502436,95.33333333333333,100.0,-12.0,pm25,ug/m3,3,6,2993.222590463368
New Delhi-8118,2025-04-08T07:30:00.000Z,81.0,14.074745891156581,62.27950120663723,0.42092896709410965,89.66666666666667,88.0,-7.0,pm25,ug/m3,3,7,5044.639597737615
New Delhi-8118,2025-04-08T08:30:00.000Z,76.0,24.690155476081998,76.18827660452214,0.2373022364825854,81.66666666666667,81.0,-5.0,pm25,ug/m3,3,8,5790.309021943683
New Delhi-8118,2025-04-08T09:30:00.000Z,71.0,31.727775132399046,60.07421380289391,0.05367550587106114,76.0,76.0,-5.0,pm25,ug/m3,3,9,4265.269180005467
New Delhi-8118,2025-04-08T10:30:00.000Z,64.0,18.312616868283474,36.94814346977059,-0.20340191698507282,70.33333333333333,71.0,-7.0,pm25,ug/m3,3,10,2364.681182065318
New Delhi-8118,2025-04-08T11:30:00.000Z,56.0,36.38677666479285,23.237901533701105,-0.49720468596351164,63.666666666666664,64.0,-8.0,pm25,ug/m3,3,11,1301.3224858872618
New Delhi-8118,2025-04-08T12:30:00.000Z,60.0,13.385707161506897,38.70282003850122,-0.35030330147429223,60.0,56.0,4.0,pm25,ug/m3,3,12,2322.169202310073
New Delhi-8118,2025-04-08T13:30:00.000Z,80.0,14.767452734639452,54.67124755358734,0.3842036209718048,65.33333333333333,60.0,20.0,pm25,ug/m3,3,13,4373.699804286987
New Delhi-8118,2025-04-08T14:30:00.000Z,89.0,16.09715565817816,38.69957622597103,0.7147317360725485,76.33333333333333,80.0,9.0,pm25,ug/m3,3,14,3444.2622841114216
New Delhi-8118,2025-04-08T15:30:00.000Z,96.0,19.452461626444865,47.74815426542303,0.9718091589286825,88.33333333333333,89.0,7.0,pm25,ug/m3,3,15,4583.822809480611
New Delhi-8118,2025-04-08T16:30:00.000Z,105.0,39.527329140765495,50.5748524098054,1.3023372740294261,96.66666666666667,96.0,9.0,pm25,ug/m3,3,16,5310.359503029567
New Delhi-8118,2025-04-08T17:30:00.000Z,100.0,20.60261830550084,51.69344903697885,1.1187105434179019,100.33333333333333,105.0,-5.0,pm25,ug/m3,3,17,5169.344903697885
New Delhi-8118,2025-04-08T18:30:00.000Z,98.0,33.70096297897971,63.431437550473774,1.0452598511732922,101.0,100.0,-2.0,pm25,ug/m3,3,18,6216.28087994643
New Delhi-8118,2025-04-08T19:30:00.000Z,94.0,14.245608534076656,59.0962990338397,0.8983584666840727,97.33333333333333,98.0,-4.0,pm25,ug/m3,3,19,5555.052109180931
New Delhi-8118,2025-04-08T20:30:00.000Z,91.0,27.704336281192614,51.12600629910176,0.7881824283171582,94.33333333333333,94.0,-3.0,pm25,ug/m3,3,20,4652.46657321826
New Delhi-8118,2025-04-08T21:30:00.000Z,102.0,35.53041364433413,83.65461299170153,1.1921612356625115,95.66666666666667,91.0,11.0,pm25,ug/m3,3,21,8532.770525153555
New Delhi-8118,2025-04-08T22:30:00.000Z,105.0,18.931153340493367,42.65453997574848,1.3023372740294261,99.33333333333333,102.0,3.0,pm25,ug/m3,3,22,4478.7266974535905
New Delhi-8118,2025-04-08T23:30:00.000Z,96.0,27.70300871982437,24.107533442078264,0.9718091589286825,101.0,105.0,-9.0,pm25,ug/m3,3,23,2314.3232104395133
New Delhi-8118,2025-04-09T00:30:00.000Z,94.0,36.11243554913135,76.57753780914047,0.8983584666840727,98.33333333333333,96.0,-2.0,pm25,ug/m3,4,0,7198.288554059204
New Delhi-8118,2025-04-09T01:30:00.000Z,103.0,15.152058098574633,83.50881998461412,1.2288865817848165,97.66666666666667,94.0,9.0,pm25,ug/m3,4,1,8601.408458415255
New Delhi-8118,2025-04-09T02:30:00.000Z,110.0,35.8740050550299,79.72302188195931,1.4859640046409504,102.33333333333333,103.0,7.0,pm25,ug/m3,4,2,8769.532407015524
New Delhi-8118,2025-04-09T03:30:00.000Z,109.0,26.896459788760108,66.79198963246186,1.4492386585186454,107.33333333333333,110.0,-1.0,pm25,ug/m3,4,3,7280.326869938343
New Delhi-8118,2025-04-09T04:30:00.000Z,115.0,34.33031925747822,82.9586848506689,1.6695907352524746,111.33333333333333,109.0,6.0,pm25,ug/m3,4,4,9540.248757826923
New Delhi-8118,2025-04-09T05:30:00.000Z,111.0,16.626676327560055,89.15690706994127,1.5226893507632553,111.66666666666667,115.0,-4.0,pm25,ug/m3,4,5,9896.41668476348
New Delhi-8118,2025-04-09T06:30:00.000Z,102.0,36.62610056346713,27.129691107609467,1.1921612356625115,109.33333333333333,111.0,-9.0,pm25,ug/m3,4,6,2767.228492976166
New Delhi-8118,2025-04-09T07:30:00.000Z,98.0,29.463500078022903,65.15636377994514,1.0452598511732922,103.66666666666667,102.0,-4.0,pm25,ug/m3,4,7,6385.323650434623
New Delhi-8118,2025-04-09T08:30:00.000Z,84.0,35.537093925869065,27.501788238122682,0.5311050054610242,94.66666666666667,98.0,-14.0,pm25,ug/m3,4,8,2310.150212002305
New Delhi-8118,2025-04-09T09:30:00.000Z,76.0,33.820887175253915,81.83723950825663,0.2373022364825854,86.0,84.0,-8.0,pm25,ug/m3,4,9,6219.630202627504
New Delhi-8118,2025-04-09T10:30:00.000Z,71.0,21.839610865300337,64.36986910640863,0.05367550587106114,77.0,76.0,-5.0,pm25,ug/m3,4,10,4570.260706555013
New Delhi-8118,2025-04-09T11:30:00.000Z,71.0,32.686481057538856,66.3867954081426,0.05367550587106114,72.66666666666667,71.0,0.0,pm25,ug/m3,4,11,4713.462473978125
New Delhi-8118,2025-04-09T12:30:00.000Z,70.0,25.28834622976175,44.51142257159166,0.016950159748756286,70.66666666666667,71.0,-1.0,pm25,ug/m3,4,12,3115.7995800114163
New Delhi-8118,2025-04-09T13:30:00.000Z,83.0,12.19145200438008,53.66014110007553,0.49437965933871936,74.66666666666667,70.0,13.0,pm25,ug/m3,4,13,4453.791711306269
New Delhi-8118,2025-04-09T14:30:00.000Z,96.0,34.86908821321642,73.89848257706214,0.9718091589286825,83.0,83.0,13.0,pm25,ug/m3,4,14,7094.254327397965
New Delhi-8118,2025-04-09T15:30:00.000Z,107.0,13.664977844841182,84.78569568862979,1.3757879662740358,95.33333333333333,96.0,11.0,pm25,ug/m3,4,15,9072.069438683387
New Delhi-8118,2025-04-09T16:30:00.000Z,113.0,26.363816540615762,20.330204435114716,1.596140043007865,105.33333333333333,107.0,6.0,pm25,ug/m3,4,16,2297.313101167963
New Delhi-8118,2025-04-09T17:30:00.000Z,115.0,14.693708933106501,62.146194030544585,1.6695907352524746,111.66666666666667,113.0,2.0,pm25,ug/m3,4,17,7146.812313512627
New Delhi-8118,2025-04-09T18:30:00.000Z,96.0,34.722085181365806,37.81075208885521,0.9718091589286825,108.0,115.0,-19.0,pm25,ug/m3,4,18,3629.8322005301
New Delhi-8118,2025-04-09T19:30:00.000Z,76.0,28.11817963094639,49.36032303204016,0.2373022364825854,95.66666666666667,96.0,-20.0,pm25,ug/m3,4,19,3751.384550435052
New Delhi-8118,2025-04-09T20:30:00.000Z,84.0,39.136014880660625,82.86614669819517,0.5311050054610242,85.33333333333333,76.0,8.0,pm25,ug/m3,4,20,6960.756322648394
New Delhi-8118,2025-04-09T21:30:00.000Z,78.0,13.332252988255787,70.86397313418729,0.3107529287271951,79.33333333333333,84.0,-6.0,pm25,ug/m3,4,21,5527.389904466609
New Delhi-8118,2025-04-09T22:30:00.000Z,73.0,33.408461587756264,29.3994222614662,0.12712619811567083,78.33333333333333,78.0,-5.0,pm25,ug/m3,4,22,2146.1578250870325
New Delhi-8118,2025-04-09T23:30:00.000Z,64.0,24.2623363552445,26.58072083162448,-0.20340191698507282,71.66666666666667,73.0,-9.0,pm25,ug/m3,4,23,1701.1661332239667
New Delhi-8118,2025-04-10T00:30:00.000Z,70.0,18.48002201933734,27.031933661349054,0.016950159748756286,69.0,64.0,6.0,pm25,ug/m3,5,0,1892.2353562944338
New Delhi-8118,2025-04-10T01:30:00.000Z,84.0,33.75701060784519,39.09758233766046,0.5311050054610242,72.66666666666667,70.0,14.0,pm25,ug/m3,5,1,3284.196916363479
New Delhi-8118,2025-04-10T02:30:00.000Z,148.0,32.551246221745586,34.133931421141455,2.881527157288535,100.66666666666667,84.0,64.0,pm25,ug/m3,5,2,5051.821850328935
New Delhi-8118,2025-04-10T03:30:00.000Z,96.0,36.97299936103164,50.84534433308666,0.9718091589286825,109.33333333333333,148.0,-52.0,pm25,ug/m3,5,3,4881.15305597632
New Delhi-8118,2025-04-10T04:30:00.000Z,92.0,16.68137234590428,25.152293023414003,0.8249077744394631,112.0,96.0,-4.0,pm25,ug/m3,5,4,2314.0109581540883
New Delhi-8118,2025-04-10T05:30:00.000Z,70.0,25.593644311054064,69.05458206429395,0.016950159748756286,86.0,92.0,-22.0,pm25,ug/m3,5,5,4833.820744500576
New Delhi-8118,2025-04-10T06:30:00.000Z,50.0,32.789292211107124,42.094198228147484,-0.7175567626973408,70.66666666666667,70.0,-20.0,pm25,ug/m3,5,6,2104.709911407374
New Delhi-8118,2025-04-10T07:30:00.000Z,58.0,33.90825555565821,57.71188752853946,-0.42375399371890193,59.333333333333336,50.0,8.0,pm25,ug/m3,5,7,3347.2894766552886
New Delhi-8118,2025-04-10T08:30:00.000Z,65.0,11.484112465716043,55.44215448986141,-0.16667657086276796,57.666666666666664,58.0,7.0,pm25,ug/m3,5,8,3603.7400418409916
New Delhi-8118,2025-04-10T09:30:00.000Z,71.0,38.364432316182516,73.92802886810102,0.05367550587106114,64.66666666666667,65.0,6.0,pm25,ug/m3,5,9,5248.8900496351725
New Delhi-8118,2025-04-10T10:30:00.000Z,58.0,26.62207256899948,71.49902821147217,-0.42375399371890193,64.66666666666667,71.0,-13.0,pm25,ug/m3,5,10,4146.943636265386
New Delhi-8118,2025-04-10T11:30:00.000Z,56.0,12.426837948812487,78.2307408069275,-0.49720468596351164,61.666666666666664,58.0,-2.0,pm25,ug/m3,5,11,4380.92148518794
New Delhi-8118,2025-04-10T12:30:00.000Z,92.0,30.371042325763973,70.62381564138033,0.8249077744394631,68.66666666666667,56.0,36.0,pm25,ug/m3,5,12,6497.3910390069905
New Delhi-8118,2025-04-10T13:30:00.000Z,63.0,16.661098502056966,88.22751716841299,-0.24012726310737767,70.33333333333333,92.0,-29.0,pm25,ug/m3,5,13,5558.333581610018
New Delhi-8118,2025-04-10T14:30:00.000Z,35.0,33.031707459829946,26.818160101781274,-1.2684369545319136,63.333333333333336,63.0,-28.0,pm25,ug/m3,5,14,938.6356035623446
New Delhi-8118,2025-04-10T15:30:00.000Z,26.0,14.48991936679708,41.397655867469894,-1.5989650696326572,41.333333333333336,35.0,-9.0,pm25,ug/m3,5,15,1076.3390525542172
New Delhi-8118,2025-04-10T16:30:00.000Z,42.0,13.768876225667398,71.45431279262796,-1.0113595316757795,34.333333333333336,26.0,16.0,pm25,ug/m3,5,16,3001.0811372903745
New Delhi-8118,2025-04-10T17:30:00.000Z,33.0,12.715920000953384,20.645632610037914,-1.3418876467765233,33.666666666666664,42.0,-9.0,pm25,ug/m3,5,17,681.3058761312511
New Delhi-8118,2025-04-10T18:30:00.000Z,35.0,18.361394221231095,24.85502270826626,-1.2684369545319136,36.666666666666664,33.0,2.0,pm25,ug/m3,5,18,869.9257947893192
New Delhi-8118,2025-04-10T19:30:00.000Z,48.0,30.147804845548567,80.37603545548522,-0.7910074549419505,38.666666666666664,35.0,13.0,pm25,ug/m3,5,19,3858.0497018632905
New Delhi-8118,2025-04-10T20:30:00.000Z,45.0,22.56726705007118,86.95776229112226,-0.901183493308865,42.666666666666664,48.0,-3.0,pm25,ug/m3,5,20,3913.099303100502
New Delhi-8118,2025-04-10T21:30:00.000Z,41.0,11.52249207374484,72.41571500173839,-1.0480848777980845,44.666666666666664,45.0,-4.0,pm25,ug/m3,5,21,2969.044315071274
New Delhi-8118,2025-04-10T22:30:00.000Z,31.0,14.16818497409812,68.92090755306273,-1.415338339021133,39.0,41.0,-10.0,pm25,ug/m3,5,22,2136.548134144945
New Delhi-8118,2025-04-10T23:30:00.000Z,40.0,22.241616229240435,39.29970952921779,-1.0848102239203894,37.333333333333336,31.0,9.0,pm25,ug/m3,5,23,1571.9883811687118
New Delhi-8118,2025-04-11T00:30:00.000Z,44.0,32.48681607868529,73.52633986862088,-0.9379088394311699,38.333333333333336,40.0,4.0,pm25,ug/m3,6,0,3235.1589542193187
New Delhi-8118,2025-04-11T01:30:00.000Z,54.0,18.65973185224837,29.08144949783761,-0.5706553782081214,46.0,44.0,10.0,pm25,ug/m3,6,1,1570.398272883231
New Delhi-8118,2025-04-11T02:30:00.000Z,44.0,32.50023227941158,29.03845010601101,-0.9379088394311699,47.333333333333336,54.0,-10.0,pm25,ug/m3,6,2,1277.6918046644844
New Delhi-8118,2025-04-11T03:30:00.000Z,49.0,16.66989108465135,75.90532011999983,-0.7542821088196456,49.0,44.0,5.0,pm25,ug/m3,6,3,3719.3606858799917
New Delhi-8118,2025-04-11T04:30:00.000Z,64.0,11.331703421571957,56.481626494419125,-0.20340191698507282,52.333333333333336,49.0,15.0,pm25,ug/m3,6,4,3614.824095642824
New Delhi-8118,2025-04-11T05:30:00.000Z,64.0,21.543030634147087,35.4747693134763,-0.20340191698507282,59.0,64.0,0.0,pm25,ug/m3,6,5,2270.3852360624833
New Delhi-8118,2025-04-11T06:30:00.000Z,59.0,27.503130674837152,31.125487911333536,-0.3870286475965971,62.333333333333336,64.0,-5.0,pm25,ug/m3,6,6,1836.4037867686786
New Delhi-8118,2025-04-11T07:30:00.000Z,63.0,16.36778202762793,28.114925784004043,-0.24012726310737767,62.0,59.0,4.0,pm25,ug/m3,6,7,1771.2403243922547
New Delhi-8118,2025-04-11T08:30:00.000Z,87.0,20.388664432146793,66.6133232770051,0.6412810438279388,69.66666666666667,63.0,24.0,pm25,ug/m3,6,8,5795.359125099443
New Delhi-8118,2025-04-11T09:30:00.000Z,52.0,16.27018893805229,80.3135379112839,-0.644106070452731,67.33333333333333,87.0,-35.0,pm25,ug/m3,6,9,4176.303971386763
New Delhi-8118,2025-04-11T10:30:00.000Z,28.0,16.26403531157912,79.52492887769344,-1.5255143773880475,55.666666666666664,52.0,-24.0,pm25,ug/m3,6,10,2226.698008575416
New Delhi-8118,2025-04-11T11:30:00.000Z,47.0,39.58659040888183,43.14543081986989,-0.8277328010642553,42.333333333333336,28.0,19.0,pm25,ug/m3,6,11,2027.8352485338846
New Delhi-8118,2025-04-11T12:30:00.000Z,39.0,23.039392444673044,81.29421323145982,-1.121535570042694,38.0,47.0,-8.0,pm25,ug/m3,6,12,3170.474316026933
New Delhi-8118,2025-04-11T13:30:00.000Z,109.0,23.26323174961631,50.218406117404356,1.4492386585186454,65.0,39.0,70.0,pm25,ug/m3,6,13,5473.806266797075
New Delhi-8118,2025-04-11T14:30:00.000Z,25.0,35.2429761327633,76.72078858159117,-1.635690415754962,57.666666666666664,109.0,-84.0,pm25,ug/m3,6,14,1918.0197145397792
New Delhi-8118,2025-04-11T15:30:00.000Z,24.0,10.102714463794651,21.092271514337718,-1.6724157618772668,52.666666666666664,25.0,-1.0,pm25,ug/m3,6,15,506.2145163441052
New Delhi-8118,2025-04-11T16:30:00.000Z,24.0,34.69682416972165,73.44795504822358,-1.6724157618772668,24.333333333333332,24.0,0.0,pm25,ug/m3,6,16,1762.7509211573658
New Delhi-8118,2025-04-11T17:30:00.000Z,27.0,38.540292388448876,20.843380607823057,-1.5622397235103525,25.0,24.0,3.0,pm25,ug/m3,6,17,562.7712764112225
New Delhi-8118,2025-04-11T18:30:00.000Z,36.0,38.922343320904176,39.72526943799477,-1.2317116084096087,29.0,27.0,9.0,pm25,ug/m3,6,18,1430.1096997678117
New Delhi-8118,2025-04-11T19:30:00.000Z,30.0,21.35456118462122,61.663355120531634,-1.4520636851434379,31.0,36.0,-6.0,pm25,ug/m3,6,19,1849.900653615949
New Delhi-8118,2025-04-11T20:30:00.000Z,30.0,30.715863307533162,76.2182664363705,-1.4520636851434379,32.0,30.0,0.0,pm25,ug/m3,6,20,2286.547993091115
New Delhi-8118,2025-04-11T21:30:00.000Z,24.0,27.62678637690808,31.90488753753807,-1.6724157618772668,28.0,30.0,-6.0,pm25,ug/m3,6,21,765.7173009009136
New Delhi-8118,2025-04-11T22:30:00.000Z,25.0,27.426860719758782,33.96829686231236,-1.635690415754962,26.333333333333332,24.0,1.0,pm25,ug/m3,6,22,849.207421557809
New Delhi-8118,2025-04-11T23:30:00.000Z,47.0,24.709800760491486,87.82892578552823,-0.8277328010642553,32.0,25.0,22.0,pm25,ug/m3,6,23,4127.959511919827
New Delhi-8118,2025-04-12T00:30:00.000Z,43.0,22.04180309059469,37.52835297884542,-0.9746341855534747,38.333333333333336,47.0,-4.0,pm25,ug/m3,7,0,1613.7191780903531
New Delhi-8118,2025-04-12T01:30:00.000Z,42.0,19.884697967980074,23.216296572203653,-1.0113595316757795,44.0,43.0,-1.0,pm25,ug/m3,7,1,975.0844560325535
New Delhi-8118,2025-04-12T02:30:00.000Z,45.0,26.14018782694181,72.85105634413014,-0.901183493308865,43.333333333333336,42.0,3.0,pm25,ug/m3,7,2,3278.2975354858563
New Delhi-8118,2025-04-12T03:30:00.000Z,52.0,25.028188977475974,67.69168239265349,-0.644106070452731,46.333333333333336,45.0,7.0,pm25,ug/m3,7,3,3519.9674844179817
New Delhi-8118,2025-04-12T04:30:00.000Z,83.0,13.019474341847761,71.46857517706263,0.49437965933871936,60.0,52.0,31.0,pm25,ug/m3,7,4,5931.891739696199
New Delhi-8118,2025-04-12T05:30:00.000Z,46.0,27.486437328665172,22.564325673226044,-0.8644581471865602,60.333333333333336,83.0,-37.0,pm25,ug/m3,7,5,1037.958980968398
New Delhi-8118,2025-04-12T06:30:00.000Z,67.0,14.35295830469417,70.57716411966344,-0.09322587861815827,65.33333333333333,46.0,21.0,pm25,ug/m3,7,6,4728.66999601745
New Delhi-8118,2025-04-12T07:30:00.000Z,56.0,39.944201900303526,62.4810996834658,-0.49720468596351164,56.333333333333336,67.0,-11.0,pm25,ug/m3,7,7,3498.941582274085
New Delhi-8118,2025-04-12T08:30:00.000Z,59.0,35.02747244143287,83.72611344166003,-0.3870286475965971,60.666666666666664,56.0,3.0,pm25,ug/m3,7,8,4939.840693057942
New Delhi-8118,2025-04-12T09:30:00.000Z,59.0,31.395441448258705,83.01969093246284,-0.3870286475965971,58.0,59.0,0.0,pm25,ug/m3,7,9,4898.1617650153075
New Delhi-8118,2025-04-12T10:30:00.000Z,46.0,39.011640222891344,27.216542561783122,-0.8644581471865602,54.666666666666664,59.0,-13.0,pm25,ug/m3,7,10,1251.9609578420236
New Delhi-8118,2025-04-12T11:30:00.000Z,47.0,22.295116139388192,49.33660657163299,-0.8277328010642553,50.666666666666664,46.0,1.0,pm25,ug/m3,7,11,2318.8205088667505
New Delhi-8118,2025-04-12T12:30:00.000Z,42.0,37.58867254907771,43.422727926724875,-1.0113595316757795,45.0,47.0,-5.0,pm25,ug/m3,7,12,1823.7545729224448
New Delhi-8118,2025-04-12T13:30:00.000Z,51.0,10.938039328740354,37.04636048619703,-0.6808314165750359,46.666666666666664,42.0,9.0,pm25,ug/m3,7,13,1889.3643847960486
New Delhi-8118,2025-04-12T14:30:00.000Z,54.0,36.07218448429254,44.180253343918736,-0.5706553782081214,49.0,51.0,3.0,pm25,ug/m3,7,14,2385.733680571612
New Delhi-8118,2025-04-12T15:30:00.000Z,56.0,31.44285006596794,46.27625334234243,-0.49720468596351164,53.666666666666664,54.0,2.0,pm25,ug/m3,7,15,2591.470187171176
New Delhi-8118,2025-04-12T16:30:00.000Z,67.0,22.50868532615305,35.24307081158567,-0.09322587861815827,59.0,56.0,11.0,pm25,ug/m3,7,16,2361.2857443762396
New Delhi-8118,2025-04-12T17:30:00.000Z,44.0,37.06336356271379,68.28316359319825,-0.9379088394311699,55.666666666666664,67.0,-23.0,pm25,ug/m3,7,17,3004.4591981007234
New Delhi-8118,2025-04-12T18:30:00.000Z,53.0,13.966894197030687,58.781269406479296,-0.6073807243304262,54.666666666666664,44.0,9.0,pm25,ug/m3,7,18,3115.4072785434028
New Delhi-8118,2025-04-12T19:30:00.000Z,30.0,15.27277599932059,78.65275673273842,-1.4520636851434379,42.333333333333336,53.0,-23.0,pm25,ug/m3,7,19,2359.5827019821527
New Delhi-8118,2025-04-12T20:30:00.000Z,36.0,15.074859118539143,39.892217966947726,-1.2317116084096087,39.666666666666664,30.0,6.0,pm25,ug/m3,7,20,1436.1198468101181
New Delhi-8118,2025-04-12T21:30:00.000Z,36.0,24.437562106335122,37.894305467804045,-1.2317116084096087,34.0,36.0,0.0,pm25,ug/m3,7,21,1364.1949968409456
New Delhi-8118,2025-04-12T22:30:00.000Z,38.0,19.735845294366197,53.92207246912927,-1.158260916164999,36.666666666666664,36.0,2.0,pm25,ug/m3,7,22,2049.0387538269124
New Delhi-8118,2025-04-12T23:30:00.000Z,41.0,39.58461873554014,22.249242979131232,-1.0480848777980845,38.333333333333336,38.0,3.0,pm25,ug/m3,7,23,912.2189621443805
New Delhi-8118,2025-04-13T00:30:00.000Z,44.0,35.158702644798474,84.43419816454731,-0.9379088394311699,41.0,41.0,3.0,pm25,ug/m3,1,0,3715.1047192400815
New Delhi-8118,2025-04-13T01:30:00.000Z,47.0,36.729116861051466,33.97827781038807,-0.8277328010642553,44.0,44.0,3.0,pm25,ug/m3,1,1,1596.9790570882394
New Delhi-8118,2025-04-13T02:30:00.000Z,63.0,38.56271732572622,55.254503740479706,-0.24012726310737767,51.333333333333336,47.0,16.0,pm25,ug/m3,1,2,3481.0337356502214
New Delhi-8118,2025-04-13T03:30:00.000Z,60.0,10.278983327502061,68.99840957310747,-0.35030330147429223,56.666666666666664,63.0,-3.0,pm25,ug/m3,1,3,4139.904574386448
New Delhi-8118,2025-04-13T04:30:00.000Z,71.0,15.992699904444008,20.640212025933796,0.05367550587106114,64.66666666666667,60.0,11.0,pm25,ug/m3,1,4,1465.4550538412996
New Delhi-8118,2025-04-13T05:30:00.000Z,59.0,34.98034756186102,51.444945595718394,-0.3870286475965971,63.333333333333336,71.0,-12.0,pm25,ug/m3,1,5,3035.2517901473852
New Delhi-8118,2025-04-13T06:30:00.000Z,60.0,13.475410323404978,28.886441476780007,-0.35030330147429223,63.333333333333336,59.0,1.0,pm25,ug/m3,1,6,1733.1864886068004
New Delhi-8118,2025-04-13T07:30:00.000Z,39.0,11.316238558170825,29.38258004195315,-1.121535570042694,52.666666666666664,60.0,-21.0,pm25,ug/m3,1,7,1145.9206216361729
New Delhi-8118,2025-04-13T08:30:00.000Z,57.0,12.538395426377745,58.2310290949985,-0.4604793398412068,52.0,39.0,18.0,pm25,ug/m3,1,8,3319.1686584149143
New Delhi-8118,2025-04-13T09:30:00.000Z,46.0,24.683454259899708,57.74142787537469,-0.8644581471865602,47.333333333333336,57.0,-11.0,pm25,ug/m3,1,9,2656.105682267236
New Delhi-8118,2025-04-13T10:30:00.000Z,43.0,16.944021530356043,49.88751822915869,-0.9746341855534747,48.666666666666664,46.0,-3.0,pm25,ug/m3,1,10,2145.1632838538235
New Delhi-8118,2025-04-13T11:30:00.000Z,51.0,17.06731440544672,53.23281189504678,-0.6808314165750359,46.666666666666664,43.0,8.0,pm25,ug/m3,1,11,2714.8734066473858
New Delhi-8118,2025-04-13T12:30:00.000Z,48.0,20.717647978961594,80.53194815817116,-0.7910074549419505,47.333333333333336,51.0,-3.0,pm25,ug/m3,1,12,3865.5335115922157
New Delhi-8118,2025-04-13T13:30:00.000Z,43.0,25.01752340644441,59.32524155909645,-0.9746341855534747,47.333333333333336,48.0,-5.0,pm25,ug/m3,1,13,2550.985387041147
New Delhi-8118,2025-04-13T14:30:00.000Z,51.0,31.94382180490331,39.50902874381795,-0.6808314165750359,47.333333333333336,43.0,8.0,pm25,ug/m3,1,14,2014.9604659347156
New Delhi-8118,2025-04-13T15:30:00.000Z,78.0,30.372627222651523,69.49011160348712,0.3107529287271951,57.333333333333336,51.0,27.0,pm25,ug/m3,1,15,5420.228705071995
New Delhi-8118,2025-04-13T16:30:00.000Z,78.0,35.82182453168312,40.99096935833777,0.3107529287271951,69.0,78.0,0.0,pm25,ug/m3,1,16,3197.2956099503463
New Delhi-8118,2025-04-13T17:30:00.000Z,79.0,24.871928537468087,46.0338143102143,0.34747827484949995,78.33333333333333,78.0,1.0,pm25,ug/m3,1,17,3636.6713305069293
New Delhi-8118,2025-04-13T18:30:00.000Z,64.0,23.773617754603094,78.86298802583148,-0.20340191698507282,73.66666666666667,79.0,-15.0,pm25,ug/m3,1,18,5047.231233653215
New Delhi-8118,2025-04-13T19:30:00.000Z,74.0,15.046233357621254,82.53722319560165,0.16385154423797568,72.33333333333333,64.0,10.0,pm25,ug/m3,1,19,6107.7545164745225
New Delhi-8118,2025-04-13T20:30:00.000Z,83.0,20.300146315850395,45.7593768983849,0.49437965933871936,73.66666666666667,74.0,9.0,pm25,ug/m3,1,20,3798.028282565947
New Delhi-8118,2025-04-13T21:30:00.000Z,82.0,17.684452340824468,65.16867117032538,0.45765431321641453,79.66666666666667,83.0,-1.0,pm25,ug/m3,1,21,5343.831035966681
New Delhi-8118,2025-04-13T22:30:00.000Z,78.0,16.07872774914359,76.28633323105528,0.3107529287271951,81.0,82.0,-4.0,pm25,ug/m3,1,22,5950.333992022312
New Delhi-8118,2025-04-13T23:30:00.000Z,87.0,12.330068004056459,68.64068835783347,0.6412810438279388,82.33333333333333,78.0,9.0,pm25,ug/m3,1,23,5971.739887131512
New Delhi-8118,2025-04-14T00:30:00.000Z,109.0,28.525191636724998,23.843449181661462,1.4492386585186454,91.33333333333333,87.0,22.0,pm25,ug/m3,2,0,2598.9359608010996
New Delhi-8118,2025-04-14T01:30:00.000Z,130.0,15.095610589816962,22.13581026637947,2.2204709270870473,108.66666666666667,109.0,21.0,pm25,ug/m3,2,1,2877.655334629331
New Delhi-8118,2025-04-14T02:30:00.000Z,111.0,14.215148820657102,85.83911799974253,1.5226893507632553,116.66666666666667,130.0,-19.0,pm25,ug/m3,2,2,9528.14209797142
New Delhi-8118,2025-04-14T03:30:00.000Z,99.0,25.080339780073416,86.98845658458039,1.081985197295597,113.33333333333333,111.0,-12.0,pm25,ug/m3,2,3,8611.85720187346
New Delhi-8118,2025-04-14T04:30:00.000Z,96.0,29.717463751556483,88.62486446628924,0.9718091589286825,102.0,99.0,-3.0,pm25,ug/m3,2,4,8507.986988763767
New Delhi-8118,2025-04-14T05:30:00.000Z,68.0,11.637761103452668,50.26657716122821,-0.05650053249585342,87.66666666666667,96.0,-28.0,pm25,ug/m3,2,5,3418.1272469635187
New Delhi-8118,2025-04-14T06:30:00.000Z,60.0,25.62782179045048,60.625652005059386,-0.35030330147429223,74.66666666666667,68.0,-8.0,pm25,ug/m3,2,6,3637.5391203035633
New Delhi-8118,2025-04-14T07:30:00.000Z,56.0,10.294176226277274,74.63471964657504,-0.49720468596351164,61.333333333333336,60.0,-4.0,pm25,ug/m3,2,7,4179.544300208202
New Delhi-8118,2025-04-14T08:30:00.000Z,39.0,32.713895957731324,74.54021988732538,-1.121535570042694,51.666666666666664,56.0,-17.0,pm25,ug/m3,2,8,2907.0685756056896
New Delhi-8118,2025-04-14T09:30:00.000Z,33.0,23.758042860700535,73.71721703930066,-1.3418876467765233,42.666666666666664,39.0,-6.0,pm25,ug/m3,2,9,2432.6681622969218
New Delhi-8118,2025-04-14T10:30:00.000Z,31.0,19.86179234610909,34.85139471946047,-1.415338339021133,34.333333333333336,33.0,-2.0,pm25,ug/m3,2,10,1080.3932363032745
New Delhi-8118,2025-04-14T11:30:00.000Z,24.0,18.46723706544798,47.428169462036735,-1.6724157618772668,29.333333333333332,31.0,-7.0,pm25,ug/m3,2,11,1138.2760670888815
New Delhi-8118,2025-04-14T12:30:00.000Z,28.0,32.85036314663672,63.59616274216027,-1.5255143773880475,27.666666666666668,24.0,4.0,pm25,ug/m3,2,12,1780.6925567804874
New Delhi-8118,2025-04-14T13:30:00.000Z,36.0,22.40096399008223,79.45439794249953,-1.2317116084096087,29.333333333333332,28.0,8.0,pm25,ug/m3,2,13,2860.358325929983
New Delhi-8118,2025-04-14T14:30:00.000Z,44.0,14.692632651610626,40.599207744852905,-0.9379088394311699,36.0,36.0,8.0,pm25,ug/m3,2,14,1786.3651407735279
New Delhi-8118,2025-04-14T15:30:00.000Z,55.0,30.359179102768998,39.55352429610524,-0.5339300320858165,45.0,44.0,11.0,pm25,ug/m3,2,15,2175.443836285788
New Delhi-8118,2025-04-14T16:30:00.000Z,65.0,29.333682319072242,61.163545931964464,-0.16667657086276796,54.666666666666664,55.0,10.0,pm25,ug/m3,2,16,3975.6304855776903
New Delhi-8118,2025-04-14T17:30:00.000Z,62.0,17.041826264118836,36.17528938077177,-0.2768526092296825,60.666666666666664,65.0,-3.0,pm25,ug/m3,2,17,2242.86794160785
New Delhi-8118,2025-04-14T18:30:00.000Z,58.0,39.65914241957152,71.75207740674914,-0.42375399371890193,61.666666666666664,62.0,-4.0,pm25,ug/m3,2,18,4161.62048959145
New Delhi-8118,2025-04-14T19:30:00.000Z,68.0,37.86546099826751,72.38651437939042,-0.05650053249585342,62.666666666666664,58.0,10.0,pm25,ug/m3,2,19,4922.282977798549
New Delhi-8118,2025-04-14T20:30:00.000Z,76.0,18.035487795638957,80.50576998699064,0.2373022364825854,67.33333333333333,68.0,8.0,pm25,ug/m3,2,20,6118.438519011289
New Delhi-8118,2025-04-14T21:30:00.000Z,75.0,38.26622273149212,56.007093455768306,0.20057689036028054,73.0,76.0,-1.0,pm25,ug/m3,2,21,4200.532009182623
New Delhi-8118,2025-04-14T22:30:00.000Z,73.0,28.241594720862825,87.48036194634774,0.12712619811567083,74.66666666666667,75.0,-2.0,pm25,ug/m3,2,22,6386.066422083385
New Delhi-8118,2025-04-14T23:30:00.000Z,67.0,18.562683415949266,48.29084744586225,-0.09322587861815827,71.66666666666667,73.0,-6.0,pm25,ug/m3,2,23,3235.4867788727706
New Delhi-8118,2025-04-15T00:30:00.000Z,83.0,16.31435942151811,83.51154817951883,0.49437965933871936,74.33333333333333,67.0,16.0,pm25,ug/m3,3,0,6931.458498900062
New Delhi-8118,2025-04-15T01:30:00.000Z,94.0,10.928907920238792,49.44224987901617,0.8983584666840727,81.33333333333333,83.0,11.0,pm25,ug/m3,3,1,4647.57148862752
New Delhi-8118,2025-04-15T02:30:00.000Z,107.0,12.522323736277794,85.30966310581343,1.3757879662740358,94.66666666666667,94.0,13.0,pm25,ug/m3,3,2,9128.133952322038
New Delhi-8118,2025-04-15T03:30:00.000Z,96.0,31.70046055495491,38.042435724951034,0.9718091589286825,99.0,107.0,-11.0,pm25,ug/m3,3,3,3652.0738295952992
New Delhi-8118,2025-04-15T04:30:00.000Z,78.0,12.15479453241872,79.57243845204937,0.3107529287271951,93.66666666666667,96.0,-18.0,pm25,ug/m3,3,4,6206.6501992598505
New Delhi-8118,2025-04-15T05:30:00.000Z,77.0,33.428037329271284,35.58930941740248,0.27402758260489024,83.66666666666667,78.0,-1.0,pm25,ug/m3,3,5,2740.376825139991
New Delhi-8118,2025-04-15T06:30:00.000Z,44.0,37.644538400219005,33.9178327913398,-0.9379088394311699,66.33333333333333,77.0,-33.0,pm25,ug/m3,3,6,1492.384642818951
New Delhi-8118,2025-04-15T07:30:00.000Z,35.0,36.186330324623825,30.872326792930544,-1.2684369545319136,52.0,44.0,-9.0,pm25,ug/m3,3,7,1080.531437752569
New Delhi-8118,2025-04-15T08:30:00.000Z,36.0,30.703324478971627,81.51981861266218,-1.2317116084096087,38.333333333333336,35.0,1.0,pm25,ug/m3,3,8,2934.7134700558386
New Delhi-8118,2025-04-15T09:30:00.000Z,35.0,24.623683234969775,46.66342360138084,-1.2684369545319136,35.333333333333336,36.0,-1.0,pm25,ug/m3,3,9,1633.2198260483294
New Delhi-8118,2025-04-15T10:30:00.000Z,32.0,27.756180142648535,21.035433921141312,-1.378612992898828,34.333333333333336,35.0,-3.0,pm25,ug/m3,3,10,673.133885476522
New Delhi-8118,2025-04-15T11:30:00.000Z,38.0,22.71958868215863,57.619747401064195,-1.158260916164999,35.0,32.0,6.0,pm25,ug/m3,3,11,2189.5504012404394
New Delhi-8118,2025-04-15T12:30:00.000Z,41.0,30.560244632971088,70.92637169481085,-1.0480848777980845,37.0,38.0,3.0,pm25,ug/m3,3,12,2907.981239487245
New Delhi-8118,2025-04-15T13:30:00.000Z,47.0,13.71895887889891,27.29714027095435,-0.8277328010642553,42.0,41.0,6.0,pm25,ug/m3,3,13,1282.9655927348545
New Delhi-8118,2025-04-15T14:30:00.000Z,56.0,13.84385585004214,45.845640801030626,-0.49720468596351164,48.0,47.0,9.0,pm25,ug/m3,3,14,2567.355884857715
New Delhi-8118,2025-04-15T15:30:00.000Z,70.0,34.0897487791557,53.3800609515821,0.016950159748756286,57.666666666666664,56.0,14.0,pm25,ug/m3,3,15,3736.6042666107473
New Delhi-8118,2025-04-15T16:30:00.000Z,68.0,18.604338151760416,71.75514494451531,-0.05650053249585342,64.66666666666667,70.0,-2.0,pm25,ug/m3,3,16,4879.349856227041
New Delhi-8118,2025-04-15T17:30:00.000Z,66.0,19.332986550496717,53.42108583032632,-0.1299512247404631,68.0,68.0,-2.0,pm25,ug/m3,3,17,3525.791664801537
New Delhi-8118,2025-04-15T18:30:00.000Z,69.0,32.44486911515588,71.03806925162075,-0.019775186373548567,67.66666666666667,66.0,3.0,pm25,ug/m3,3,18,4901.626778361832
New Delhi-8118,2025-04-15T19:30:00.000Z,71.0,37.03211067942145,25.563217216674886,0.05367550587106114,68.66666666666667,69.0,2.0,pm25,ug/m3,3,19,1814.988422383917
New Delhi-8118,2025-04-15T20:30:00.000Z,68.0,16.536188003030468,43.91427839971135,-0.05650053249585342,69.33333333333333,71.0,-3.0,pm25,ug/m3,3,20,2986.1709311803716
New Delhi-8118,2025-04-15T21:30:00.000Z,69.0,22.035193033233227,45.17331245013311,-0.019775186373548567,69.33333333333333,68.0,1.0,pm25,ug/m3,3,21,3116.9585590591846
New Delhi-8118,2025-04-15T22:30:00.000Z,71.0,13.595246237858877,26.99071189566098,0.05367550587106114,69.33333333333333,69.0,2.0,pm25,ug/m3,3,22,1916.3405445919295
New Delhi-8118,2025-04-15T23:30:00.000Z,69.0,39.24549349652651,59.635721333242635,-0.019775186373548567,69.66666666666667,71.0,-2.0,pm25,ug/m3,3,23,4114.864771993742
New Delhi-8118,2025-04-16T00:30:00.000Z,74.0,18.43928040013477,81.94296914604931,0.16385154423797568,71.33333333333333,69.0,5.0,pm25,ug/m3,4,0,6063.779716807649
New Delhi-8118,2025-04-16T01:30:00.000Z,121.0,11.749121823382932,57.39784986051133,1.8899428119863038,88.0,74.0,47.0,pm25,ug/m3,4,1,6945.139833121871
New Delhi-8118,2025-04-16T02:30:00.000Z,154.0,23.172620213288127,43.4421515271097,3.101879234022364,116.33333333333333,121.0,33.0,pm25,ug/m3,4,2,6690.091335174894
New Delhi-8118,2025-04-16T03:30:00.000Z,94.0,23.844932239683274,22.29199743587824,0.8983584666840727,123.0,154.0,-60.0,pm25,ug/m3,4,3,2095.4477589725548
New Delhi-8118,2025-04-16T04:30:00.000Z,75.0,33.069500627684256,65.92187833815598,0.20057689036028054,107.66666666666667,94.0,-19.0,pm25,ug/m3,4,4,4944.140875361698
New Delhi-8118,2025-04-16T05:30:00.000Z,83.0,18.53314463780014,43.090336933408494,0.49437965933871936,84.0,75.0,8.0,pm25,ug/m3,4,5,3576.497965472905
New Delhi-8118,2025-04-16T06:30:00.000Z,89.0,36.42313893147747,59.19500717186762,0.7147317360725485,82.33333333333333,83.0,6.0,pm25,ug/m3,4,6,5268.355638296219
New Delhi-8118,2025-04-16T07:30:00.000Z,132.0,32.14358724162898,80.3468500953945,2.293921619331657,101.33333333333333,89.0,43.0,pm25,ug/m3,4,7,10605.784212592074
New Delhi-8118,2025-04-16T08:30:00.000Z,90.0,34.59419208996796,49.87512283386403,0.7514570821948533,103.66666666666667,132.0,-42.0,pm25,ug/m3,4,8,4488.761055047763
New Delhi-8118,2025-04-16T09:30:00.000Z,81.0,14.803008951679262,29.93563746677235,0.42092896709410965,101.0,90.0,-9.0,pm25,ug/m3,4,9,2424.7866348085604
New Delhi-8118,2025-04-16T10:30:00.000Z,67.0,21.72747481931333,62.88078041788647,-0.09322587861815827,79.33333333333333,81.0,-14.0,pm25,ug/m3,4,10,4213.012287998394
New Delhi-8118,2025-04-16T11:30:00.000Z,69.0,11.457290314992045,84.14998996668726,-0.019775186373548567,72.33333333333333,67.0,2.0,pm25,ug/m3,4,11,5806.349307701421
New Delhi-8118,2025-04-16T12:30:00.000Z,65.0,37.862863733443824,40.944994022403414,-0.16667657086276796,67.0,69.0,-4.0,pm25,ug/m3,4,12,2661.424611456222
New Delhi-8118,2025-04-16T13:30:00.000Z,66.0,16.076629737630615,67.30147121534581,-0.1299512247404631,66.66666666666667,65.0,1.0,pm25,ug/m3,4,13,4441.897100212824
New Delhi-8118,2025-04-16T14:30:00.000Z,73.0,10.21412784915936,89.39837253513518,0.12712619811567083,68.0,66.0,7.0,pm25,ug/m3,4,14,6526.081195064869
New Delhi-8118,2025-04-16T15:30:00.000Z,77.0,25.208954849904863,63.65954870809573,0.27402758260489024,72.0,73.0,4.0,pm25,ug/m3,4,15,4901.785250523371
New Delhi-8118,2025-04-16T16:30:00.000Z,74.0,13.415070940496454,49.62435544713432,0.16385154423797568,74.66666666666667,77.0,-3.0,pm25,ug/m3,4,16,3672.2023030879395
New Delhi-8118,2025-04-16T17:30:00.000Z,69.0,33.18382513900207,62.960840310005445,-0.019775186373548567,73.33333333333333,74.0,-5.0,pm25,ug/m3,4,17,4344.297981390376
New Delhi-8118,2025-04-16T18:30:00.000Z,70.0,32.20368975585436,81.08485172908543,0.016950159748756286,71.0,69.0,1.0,pm25,ug/m3,4,18,5675.93962103598
New Delhi-8118,2025-04-16T19:30:00.000Z,80.0,17.452540219974477,29.18652389854763,0.3842036209718048,73.0,70.0,10.0,pm25,ug/m3,4,19,2334.9219118838105
New Delhi-8118,2025-04-16T20:30:00.000Z,76.0,15.637154351789597,76.00904125212358,0.2373022364825854,75.33333333333333,80.0,-4.0,pm25,ug/m3,4,20,5776.687135161392
New Delhi-8118,2025-04-16T21:30:00.000Z,71.0,31.815779015427836,71.51464401070511,0.05367550587106114,75.66666666666667,76.0,-5.0,pm25,ug/m3,4,21,5077.539724760063
New Delhi-8118,2025-04-16T22:30:00.000Z,72.0,30.525523661401852,56.73390885500957,0.09040085199336599,73.0,71.0,1.0,pm25,ug/m3,4,22,4084.841437560689
New Delhi-8118,2025-04-16T23:30:00.000Z,121.0,27.164409576758736,87.6292763762683,1.8899428119863038,88.0,72.0,49.0,pm25,ug/m3,4,23,10603.142441528464
New Delhi-8118,2025-04-17T00:30:00.000Z,69.0,20.284033605339197,64.55670834377723,-0.019775186373548567,87.33333333333333,121.0,-52.0,pm25,ug/m3,5,0,4454.412875720629
New Delhi-8118,2025-04-17T01:30:00.000Z,60.0,37.12513155631191,85.73794000643578,-0.35030330147429223,83.33333333333333,69.0,-9.0,pm25,ug/m3,5,1,5144.276400386147
New Delhi-8118,2025-04-17T02:30:00.000Z,60.0,38.20022279526759,82.22533793203783,-0.35030330147429223,63.0,60.0,0.0,pm25,ug/m3,5,2,4933.52027592227
New Delhi-8118,2025-04-17T03:30:00.000Z,62.0,30.272809254424153,88.27874469267647,-0.2768526092296825,60.666666666666664,60.0,2.0,pm25,ug/m3,5,3,5473.282170945941
New Delhi-8118,2025-04-17T04:30:00.000Z,61.0,14.15929614170799,35.16324699718001,-0.3135779553519874,61.0,62.0,-1.0,pm25,ug/m3,5,4,2144.9580668279805
New Delhi-8118,2025-04-17T05:30:00.000Z,65.0,38.72006777701923,78.21808680715755,-0.16667657086276796,62.666666666666664,61.0,4.0,pm25,ug/m3,5,5,5084.17564246524
New Delhi-8118,2025-04-17T06:30:00.000Z,54.0,12.140100382603254,73.85349729780302,-0.5706553782081214,60.0,65.0,-11.0,pm25,ug/m3,5,6,3988.088854081363
New Delhi-8118,2025-04-17T07:30:00.000Z,58.0,35.34965672007642,58.04897375244437,-0.42375399371890193,59.0,54.0,4.0,pm25,ug/m3,5,7,3366.8404776417733
New Delhi-8118,2025-04-17T08:30:00.000Z,46.0,18.92262149659893,58.999387420839675,-0.8644581471865602,52.666666666666664,58.0,-12.0,pm25,ug/m3,5,8,2713.971821358625
New Delhi-8118,2025-04-17T09:30:00.000Z,47.0,30.18114928465726,49.84043792680518,-0.8277328010642553,50.333333333333336,46.0,1.0,pm25,ug/m3,5,9,2342.5005825598437
New Delhi-8118,2025-04-17T10:30:00.000Z,49.0,28.71846763780282,81.88336416411161,-0.7542821088196456,47.333333333333336,47.0,2.0,pm25,ug/m3,5,10,4012.284844041469
New Delhi-8118,2025-04-17T11:30:00.000Z,51.0,30.615879044166196,44.824594091391035,-0.6808314165750359,49.0,49.0,2.0,pm25,ug/m3,5,11,2286.0542986609425
New Delhi-8118,2025-04-17T12:30:00.000Z,62.0,36.66518078407378,59.40172759758134,-0.2768526092296825,54.0,51.0,11.0,pm25,ug/m3,5,12,3682.907111050043
New Delhi-8118,2025-04-17T13:30:00.000Z,60.0,32.5907466194761,28.152266662775116,-0.35030330147429223,57.666666666666664,62.0,-2.0,pm25,ug/m3,5,13,1689.135999766507
New Delhi-8118,2025-04-17T14:30:00.000Z,74.0,30.327898127756903,70.5136205786217,0.16385154423797568,65.33333333333333,60.0,14.0,pm25,ug/m3,5,14,5218.007922818006
New Delhi-8118,2025-04-17T15:30:00.000Z,79.0,38.74996814178604,61.217778171229874,0.34747827484949995,71.0,74.0,5.0,pm25,ug/m3,5,15,4836.20447552716
New Delhi-8118,2025-04-17T16:30:00.000Z,84.0,37.66915738744342,68.76830001014542,0.5311050054610242,79.0,79.0,5.0,pm25,ug/m3,5,16,5776.537200852215
New Delhi-8118,2025-04-17T17:30:00.000Z,90.0,34.91204616488652,73.70655201023006,0.7514570821948533,84.33333333333333,84.0,6.0,pm25,ug/m3,5,17,6633.589680920705
New Delhi-8118,2025-04-17T18:30:00.000Z,94.0,39.54360036829877,56.55135893562671,0.8983584666840727,89.33333333333333,90.0,4.0,pm25,ug/m3,5,18,5315.827739948911
New Delhi-8118,2025-04-17T19:30:00.000Z,81.0,15.902644428226377,69.11951816197401,0.42092896709410965,88.33333333333333,94.0,-13.0,pm25,ug/m3,5,19,5598.680971119895
New Delhi-8118,2025-04-17T20:30:00.000Z,58.0,23.486384903758058,34.21999877007676,-0.42375399371890193,77.66666666666667,81.0,-23.0,pm25,ug/m3,5,20,1984.7599286644518
New Delhi-8118,2025-04-17T21:30:00.000Z,55.0,28.796021819853905,79.50140663171773,-0.5339300320858165,64.66666666666667,58.0,-3.0,pm25,ug/m3,5,21,4372.577364744475
New Delhi-8118,2025-04-17T22:30:00.000Z,61.0,14.844935861200238,81.98830732995071,-0.3135779553519874,58.0,55.0,6.0,pm25,ug/m3,5,22,5001.286747126994
New Delhi-8118,2025-04-17T23:30:00.000Z,59.0,16.55950376588087,35.41290909093383,-0.3870286475965971,58.333333333333336,61.0,-2.0,pm25,ug/m3,5,23,2089.361636365096
New Delhi-8118,2025-04-18T00:30:00.000Z,64.0,25.56749273032481,79.56501629491501,-0.20340191698507282,61.333333333333336,59.0,5.0,pm25,ug/m3,6,0,5092.161042874561
New Delhi-8118,2025-04-18T01:30:00.000Z,60.0,33.93817199066167,30.87734874964953,-0.35030330147429223,61.0,64.0,-4.0,pm25,ug/m3,6,1,1852.640924978972
New Delhi-8118,2025-04-18T02:30:00.000Z,75.0,24.57582060344349,70.27784322393941,0.20057689036028054,66.33333333333333,60.0,15.0,pm25,ug/m3,6,2,5270.838241795456
New Delhi-8118,2025-04-18T03:30:00.000Z,80.0,30.660869560565203,48.11677784251626,0.3842036209718048,71.66666666666667,75.0,5.0,pm25,ug/m3,6,3,3849.3422274013005
New Delhi-8118,2025-04-18T04:30:00.000Z,154.0,11.157063715495156,45.83975702597936,3.101879234022364,103.0,80.0,74.0,pm25,ug/m3,6,4,7059.322582000821
New Delhi-8118,2025-04-18T05:30:00.000Z,135.0,10.671229804565384,26.289384892236804,2.4040976576985718,123.0,154.0,-19.0,pm25,ug/m3,6,5,3549.0669604519685
New Delhi-8118,2025-04-18T06:30:00.000Z,90.0,39.77412424506862,27.237706574093448,0.7514570821948533,126.33333333333333,135.0,-45.0,pm25,ug/m3,6,6,2451.3935916684104
New Delhi-8118,2025-04-18T07:30:00.000Z,106.0,28.955654353099167,80.99908318182771,1.339062620151731,110.33333333333333,90.0,16.0,pm25,ug/m3,6,7,8585.902817273738
New Delhi-8118,2025-04-18T08:30:00.000Z,109.0,21.98532882064736,78.11011638581724,1.4492386585186454,101.66666666666667,106.0,3.0,pm25,ug/m3,6,8,8514.002686054078
New Delhi-8118,2025-04-18T09:30:00.000Z,132.0,34.969723091779954,50.446305718606425,2.293921619331657,115.66666666666667,109.0,23.0,pm25,ug/m3,6,9,6658.912354856048
New Delhi-8118,2025-04-18T10:30:00.000Z,87.0,37.113782078691465,65.99061243216065,0.6412810438279388,109.33333333333333,132.0,-45.0,pm25,ug/m3,6,10,5741.183281597976
New Delhi-8118,2025-04-18T11:30:00.000Z,65.0,21.288406522386342,87.63614729846525,-0.16667657086276796,94.66666666666667,87.0,-22.0,pm25,ug/m3,6,11,5696.349574400241
New Delhi-8118,2025-04-18T12:30:00.000Z,63.0,34.2191216507452,57.63769635654283,-0.24012726310737767,71.66666666666667,65.0,-2.0,pm25,ug/m3,6,12,3631.1748704621987
New Delhi-8118,2025-04-18T13:30:00.000Z,84.0,39.207688084144024,78.70856484133377,0.5311050054610242,70.66666666666667,63.0,21.0,pm25,ug/m3,6,13,6611.519446672037
New Delhi-8118,2025-04-18T14:30:00.000Z,88.0,15.25019911236209,36.567293512380914,0.6780063899502436,78.33333333333333,84.0,4.0,pm25,ug/m3,6,14,3217.9218290895205
New Delhi-8118,2025-04-18T15:30:00.000Z,90.0,29.88174048062861,48.53223397681618,0.7514570821948533,87.33333333333333,88.0,2.0,pm25,ug/m3,6,15,4367.9010579134565
New Delhi-8118,2025-04-18T16:30:00.000Z,73.0,20.845018720309845,89.57277799135188,0.12712619811567083,83.66666666666667,90.0,-17.0,pm25,ug/m3,6,16,6538.812793368687
New Delhi-8118,2025-04-18T17:30:00.000Z,52.0,18.411774420587804,78.84772915313894,-0.644106070452731,71.66666666666667,73.0,-21.0,pm25,ug/m3,6,17,4100.081915963225
New Delhi-8118,2025-04-18T18:30:00.000Z,39.0,18.386727120542496,20.089141420631183,-1.121535570042694,54.666666666666664,52.0,-13.0,pm25,ug/m3,6,18,783.4765154046162
New Delhi-8118,2025-04-18T19:30:00.000Z,33.0,11.691685606615573,27.089818673892196,-1.3418876467765233,41.333333333333336,39.0,-6.0,pm25,ug/m3,6,19,893.9640162384425
New Delhi-8118,2025-04-18T20:30:00.000Z,33.0,37.87852827128864,37.11580068165469,-1.3418876467765233,35.0,33.0,0.0,pm25,ug/m3,6,20,1224.8214224946048
New Delhi-8118,2025-04-18T21:30:00.000Z,31.0,28.431583872069755,81.40068077570075,-1.415338339021133,32.333333333333336,33.0,-2.0,pm25,ug/m3,6,21,2523.421104046723
New Delhi-8118,2025-04-18T22:30:00.000Z,29.0,39.37787110321927,52.376214923117445,-1.4887890312657426,31.0,31.0,-2.0,pm25,ug/m3,6,22,1518.9102327704059
New Delhi-8118,2025-04-18T23:30:00.000Z,44.0,31.78404102999698,33.030819728824994,-0.9379088394311699,34.666666666666664,29.0,15.0,pm25,ug/m3,6,23,1453.3560680682997
New Delhi-8118,2025-04-19T00:30:00.000Z,44.0,34.22450146358106,69.81205017158554,-0.9379088394311699,39.0,44.0,0.0,pm25,ug/m3,7,0,3071.7302075497637
New Delhi-8118,2025-04-19T01:30:00.000Z,53.0,15.285159740097765,83.93728843420291,-0.6073807243304262,47.0,44.0,9.0,pm25,ug/m3,7,1,4448.676287012754
New Delhi-8118,2025-04-19T02:30:00.000Z,60.0,11.026566783397163,30.066882990271196,-0.35030330147429223,52.333333333333336,53.0,7.0,pm25,ug/m3,7,2,1804.0129794162717
New Delhi-8118,2025-04-19T03:30:00.000Z,67.0,21.37388018671565,42.827139241342536,-0.09322587861815827,60.0,60.0,7.0,pm25,ug/m3,7,3,2869.41832916995
New Delhi-8118,2025-04-19T04:30:00.000Z,79.0,37.28054821622824,22.396936516346344,0.34747827484949995,68.66666666666667,67.0,12.0,pm25,ug/m3,7,4,1769.357984791361
New Delhi-8118,2025-04-19T05:30:00.000Z,93.0,35.522240098888865,30.06623873309252,0.8616331205617679,79.66666666666667,79.0,14.0,pm25,ug/m3,7,5,2796.1602021776043
New Delhi-8118,2025-04-19T06:30:00.000Z,79.0,20.400870633533675,36.12580036619425,0.34747827484949995,83.66666666666667,93.0,-14.0,pm25,ug/m3,7,6,2853.9382289293458
New Delhi-8118,2025-04-19T07:30:00.000Z,76.0,23.09141447446398,55.97146897233987,0.2373022364825854,82.66666666666667,79.0,-3.0,pm25,ug/m3,7,7,4253.83164189783
New Delhi-8118,2025-04-19T08:30:00.000Z,76.0,24.81187829549925,70.26976953853733,0.2373022364825854,77.0,76.0,0.0,pm25,ug/m3,7,8,5340.5024849288375
New Delhi-8118,2025-04-19T09:30:00.000Z,69.0,31.3162593131937,84.34882800894805,-0.019775186373548567,73.66666666666667,76.0,-7.0,pm25,ug/m3,7,9,5820.069132617416
New Delhi-8118,2025-04-19T10:30:00.000Z,63.0,15.853911692124116,50.79870236514446,-0.24012726310737767,69.33333333333333,69.0,-6.0,pm25,ug/m3,7,10,3200.318249004101
New Delhi-8118,2025-04-19T11:30:00.000Z,59.0,11.5409379852735,46.04889325329124,-0.3870286475965971,63.666666666666664,63.0,-4.0,pm25,ug/m3,7,11,2716.8847019441832
New Delhi-8118,2025-04-19T12:30:00.000Z,52.0,10.687338342291824,33.6074834218085,-0.644106070452731,58.0,59.0,-7.0,pm25,ug/m3,7,12,1747.5891379340421
New Delhi-8118,2025-04-19T13:30:00.000Z,44.0,13.393052928314571,29.202542615983017,-0.9379088394311699,51.666666666666664,52.0,-8.0,pm25,ug/m3,7,13,1284.9118751032527
New Delhi-8118,2025-04-19T14:30:00.000Z,32.0,28.79147688729384,51.72915917995854,-1.378612992898828,42.666666666666664,44.0,-12.0,pm25,ug/m3,7,14,1655.3330937586734
New Delhi-8118,2025-04-19T15:30:00.000Z,43.0,37.537333898299444,44.92984613149093,-0.9746341855534747,39.666666666666664,32.0,11.0,pm25,ug/m3,7,15,1931.9833836541102
New Delhi-8118,2025-04-19T16:30:00.000Z,40.0,15.391942041917407,68.4883624713323,-1.0848102239203894,38.333333333333336,43.0,-3.0,pm25,ug/m3,7,16,2739.5344988532916
New Delhi-8118,2025-04-19T17:30:00.000Z,30.0,34.82270756118159,89.50398067702035,-1.4520636851434379,37.666666666666664,40.0,-10.0,pm25,ug/m3,7,17,2685.1194203106106
New Delhi-8118,2025-04-19T18:30:00.000Z,32.0,38.66935062615387,64.05878760781451,-1.378612992898828,34.0,30.0,2.0,pm25,ug/m3,7,18,2049.8812034500643
New Delhi-8118,2025-04-19T19:30:00.000Z,27.0,33.99563106144325,58.93305559378932,-1.5622397235103525,29.666666666666668,32.0,-5.0,pm25,ug/m3,7,19,1591.1925010323116
New Delhi-8118,2025-04-19T20:30:00.000Z,36.0,12.164968821085264,31.401126977316075,-1.2317116084096087,31.666666666666668,27.0,9.0,pm25,ug/m3,7,20,1130.4405711833788
New Delhi-8118,2025-04-19T21:30:00.000Z,36.0,22.141615603270807,67.61632419783396,-1.2317116084096087,33.0,36.0,0.0,pm25,ug/m3,7,21,2434.1876711220225
New Delhi-8118,2025-04-19T22:30:00.000Z,31.0,34.164859290422385,31.922221942382045,-1.415338339021133,34.333333333333336,36.0,-5.0,pm25,ug/m3,7,22,989.5888802138434
New Delhi-8118,2025-04-19T23:30:00.000Z,34.0,15.620394778887746,77.80284769381763,-1.3051623006542183,33.666666666666664,31.0,3.0,pm25,ug/m3,7,23,2645.296821589799
New Delhi-8118,2025-04-20T00:30:00.000Z,36.0,22.41668912725509,31.684271705452602,-1.2317116084096087,33.666666666666664,34.0,2.0,pm25,ug/m3,1,0,1140.6337813962937
New Delhi-8118,2025-04-20T01:30:00.000Z,37.0,18.629085452392466,82.5955257642903,-1.1949862622873038,35.666666666666664,36.0,1.0,pm25,ug/m3,1,1,3056.0344532787412
New Delhi-8118,2025-04-20T02:30:00.000Z,44.0,26.113010800153926,62.45458441500544,-0.9379088394311699,39.0,37.0,7.0,pm25,ug/m3,1,2,2748.0017142602396
New Delhi-8118,2025-04-20T03:30:00.000Z,46.0,31.078341418717443,47.73050651781263,-0.8644581471865602,42.333333333333336,44.0,2.0,pm25,ug/m3,1,3,2195.603299819381
New Delhi-8118,2025-04-20T04:30:00.000Z,56.0,38.00466941155107,50.715770696866656,-0.49720468596351164,48.666666666666664,46.0,10.0,pm25,ug/m3,1,4,2840.0831590245325
New Delhi-8118,2025-04-20T05:30:00.000Z,61.0,39.02612208369653,41.97152004818425,-0.3135779553519874,54.333333333333336,56.0,5.0,pm25,ug/m3,1,5,2560.262722939239
New Delhi-8118,2025-04-20T06:30:00.000Z,69.0,39.80440668965691,87.27248263964869,-0.019775186373548567,62.0,61.0,8.0,pm25,ug/m3,1,6,6021.801302135759
New Delhi-8118,2025-04-20T07:30:00.000Z,73.0,31.23271607557588,39.09493545445937,0.12712619811567083,67.66666666666667,69.0,4.0,pm25,ug/m3,1,7,2853.930288175534
New Delhi-8118,2025-04-20T08:30:00.000Z,68.0,21.158664860935634,85.47655995041777,-0.05650053249585342,70.0,73.0,-5.0,pm25,ug/m3,1,8,5812.406076628408
New Delhi-8118,2025-04-20T09:30:00.000Z,59.0,12.778933099287658,59.73694808834529,-0.3870286475965971,66.66666666666667,68.0,-9.0,pm25,ug/m3,1,9,3524.479937212372
New Delhi-8118,2025-04-20T10:30:00.000Z,53.0,18.835705440712964,44.285816270652404,-0.6073807243304262,60.0,59.0,-6.0,pm25,ug/m3,1,10,2347.1482623445772
New Delhi-8118,2025-04-20T11:30:00.000Z,56.0,39.97272500497892,61.924755943579015,-0.49720468596351164,56.0,53.0,3.0,pm25,ug/m3,1,11,3467.7863328404246
New Delhi-8118,2025-04-20T12:30:00.000Z,52.0,13.71665783644555,79.17882190521748,-0.644106070452731,53.666666666666664,56.0,-4.0,pm25,ug/m3,1,12,4117.298739071309
New Delhi-8118,2025-04-20T13:30:00.000Z,51.0,27.49935104288778,83.99065783101976,-0.6808314165750359,53.0,52.0,-1.0,pm25,ug/m3,1,13,4283.523549382007
New Delhi-8118,2025-04-20T14:30:00.000Z,61.0,34.41362703014473,53.417673861736546,-0.3135779553519874,54.666666666666664,51.0,10.0,pm25,ug/m3,1,14,3258.478105565929
New Delhi-8118,2025-04-20T15:30:00.000Z,65.0,19.397112302819167,64.25749322618083,-0.16667657086276796,59.0,61.0,4.0,pm25,ug/m3,1,15,4176.737059701753
New Delhi-8118,2025-04-20T16:30:00.000Z,69.0,15.411712382881092,37.87907773557511,-0.019775186373548567,65.0,65.0,4.0,pm25,ug/m3,1,16,2613.6563637546824
New Delhi-8118,2025-04-20T17:30:00.000Z,73.0,34.75642136588242,82.64935122378523,0.12712619811567083,69.0,69.0,4.0,pm25,ug/m3,1,17,6033.402639336322
New Delhi-8118,2025-04-20T18:30:00.000Z,80.0,34.33409542897177,37.66856921757089,0.3842036209718048,74.0,73.0,7.0,pm25,ug/m3,1,18,3013.4855374056715
New Delhi-8118,2025-04-20T19:30:00.000Z,79.0,37.25081158931448,22.791473886589667,0.34747827484949995,77.33333333333333,80.0,-1.0,pm25,ug/m3,1,19,1800.5264370405837
New Delhi-8118,2025-04-20T20:30:00.000Z,72.0,22.358153833344225,45.85560914043867,0.09040085199336599,77.0,79.0,-7.0,pm25,ug/m3,1,20,3301.6038581115845
New Delhi-8118,2025-04-20T21:30:00.000Z,82.0,27.50171360158768,50.23922014405235,0.45765431321641453,77.66666666666667,72.0,10.0,pm25,ug/m3,1,21,4119.616051812292
New Delhi-8118,2025-04-20T22:30:00.000Z,84.0,21.433702875824338,50.43646932239038,0.5311050054610242,79.33333333333333,82.0,2.0,pm25,ug/m3,1,22,4236.663423080792
New Delhi-8118,2025-04-20T23:30:00.000Z,83.0,21.91834710558394,32.38358054453357,0.49437965933871936,83.0,84.0,-1.0,pm25,ug/m3,1,23,2687.8371851962866
New Delhi-8118,2025-04-21T00:30:00.000Z,85.0,26.247998624866565,25.088583296415674,0.5678303515833291,84.0,83.0,2.0,pm25,ug/m3,2,0,2132.529580195332
New Delhi-8118,2025-04-21T01:30:00.000Z,86.0,20.43200442084483,73.45520694188397,0.6045556977056339,84.66666666666667,85.0,1.0,pm25,ug/m3,2,1,6317.147797002021
New Delhi-8118,2025-04-21T02:30:00.000Z,99.0,17.82355455962814,65.54637924886708,1.081985197295597,90.0,86.0,13.0,pm25,ug/m3,2,2,6489.091545637842
New Delhi-8118,2025-04-21T03:30:00.000Z,108.0,20.537243021417986,51.42622351922975,1.4125133123963407,97.66666666666667,99.0,9.0,pm25,ug/m3,2,3,5554.032140076813
New Delhi-8118,2025-04-21T04:30:00.000Z,85.0,24.902470042146156,72.83593025337154,0.5678303515833291,97.33333333333333,108.0,-23.0,pm25,ug/m3,2,4,6191.054071536581
New Delhi-8118,2025-04-21T05:30:00.000Z,77.0,14.341568601560194,44.66839196968793,0.27402758260489024,90.0,85.0,-8.0,pm25,ug/m3,2,5,3439.466181665971
New Delhi-8118,2025-04-21T06:30:00.000Z,72.0,33.81507905735462,81.20511442986907,0.09040085199336599,78.0,77.0,-5.0,pm25,ug/m3,2,6,5846.7682389505735
New Delhi-8118,2025-04-21T07:30:00.000Z,61.0,38.73559460213896,78.31319598328989,-0.3135779553519874,70.0,72.0,-11.0,pm25,ug/m3,2,7,4777.104954980683
New Delhi-8118,2025-04-21T08:30:00.000Z,55.0,20.61597676261917,53.98783801131516,-0.5339300320858165,62.666666666666664,61.0,-6.0,pm25,ug/m3,2,8,2969.3310906223337
New Delhi-8118,2025-04-21T09:30:00.000Z,54.0,22.198975798958518,40.77974591355874,-0.5706553782081214,56.666666666666664,55.0,-1.0,pm25,ug/m3,2,9,2202.106279332172
New Delhi-8118,2025-04-21T10:30:00.000Z,43.0,12.462094473175444,52.99462023902051,-0.9746341855534747,50.666666666666664,54.0,-11.0,pm25,ug/m3,2,10,2278.768670277882
New Delhi-8118,2025-04-21T11:30:00.000Z,40.0,14.713191562117249,21.736179948095888,-1.0848102239203894,45.666666666666664,43.0,-3.0,pm25,ug/m3,2,11,869.4471979238356
New Delhi-8118,2025-04-21T12:30:00.000Z,37.0,13.265240375488947,61.17510726065774,-1.1949862622873038,40.0,40.0,-3.0,pm25,ug/m3,2,12,2263.4789686443364
New Delhi-8118,2025-04-21T13:30:00.000Z,36.0,37.57259749687587,29.42278050306453,-1.2317116084096087,37.666666666666664,37.0,-1.0,pm25,ug/m3,2,13,1059.220098110323
New Delhi-8118,2025-04-21T14:30:00.000Z,47.0,25.822055572778204,65.24641018355238,-0.8277328010642553,40.0,36.0,11.0,pm25,ug/m3,2,14,3066.581278626962
New Delhi-8118,2025-04-21T15:30:00.000Z,63.0,25.284369990322325,49.33630128985776,-0.24012726310737767,48.666666666666664,47.0,16.0,pm25,ug/m3,2,15,3108.186981261039
New Delhi-8118,2025-04-21T16:30:00.000Z,66.0,34.73358604105631,75.21430883942054,-0.1299512247404631,58.666666666666664,63.0,3.0,pm25,ug/m3,2,16,4964.1443834017555
New Delhi-8118,2025-04-21T17:30:00.000Z,70.0,22.34414172586307,26.93487137853183,0.016950159748756286,66.33333333333333,66.0,4.0,pm25,ug/m3,2,17,1885.440996497228
New Delhi-8118,2025-04-21T18:30:00.000Z,78.0,29.931270584311925,83.74025804094146,0.3107529287271951,71.33333333333333,70.0,8.0,pm25,ug/m3,2,18,6531.740127193433
New Delhi-8118,2025-04-21T19:30:00.000Z,99.0,36.49814921115401,49.31945802731907,1.081985197295597,82.33333333333333,78.0,21.0,pm25,ug/m3,2,19,4882.6263447045885
New Delhi-8118,2025-04-21T20:30:00.000Z,85.0,37.20432288432934,51.44555226729353,0.5678303515833291,87.33333333333333,99.0,-14.0,pm25,ug/m3,2,20,4372.87194271995
New Delhi-8118,2025-04-21T21:30:00.000Z,84.0,35.06768019883224,33.10081017131063,0.5311050054610242,89.33333333333333,85.0,-1.0,pm25,ug/m3,2,21,2780.4680543900927
New Delhi-8118,2025-04-21T22:30:00.000Z,97.0,38.64680975828269,64.37126985766179,1.0085345050509873,88.66666666666667,84.0,13.0,pm25,ug/m3,2,22,6244.013176193193
New Delhi-8118,2025-04-21T23:30:00.000Z,115.0,11.006700196078334,80.85502243882081,1.6695907352524746,98.66666666666667,97.0,18.0,pm25,ug/m3,2,23,9298.327580464393
New Delhi-8118,2025-04-22T00:30:00.000Z,79.0,30.294582043982796,56.65027465660762,0.34747827484949995,97.0,115.0,-36.0,pm25,ug/m3,3,0,4475.371697872002
New Delhi-8118,2025-04-22T01:30:00.000Z,69.0,30.258404510618814,61.9946229855438,-0.019775186373548567,87.66666666666667,79.0,-10.0,pm25,ug/m3,3,1,4277.628986002522
New Delhi-8118,2025-04-22T02:30:00.000Z,66.0,19.574135904362123,36.23140698597605,-0.1299512247404631,71.33333333333333,69.0,-3.0,pm25,ug/m3,3,2,2391.2728610744193
New Delhi-8118,2025-04-22T03:30:00.000Z,78.0,33.30980030240076,88.53409877722535,0.3107529287271951,71.0,66.0,12.0,pm25,ug/m3,3,3,6905.659704623577
New Delhi-8118,2025-04-22T05:30:00.000Z,120.0,29.19510015948769,74.63216427537661,1.8532174658639988,88.0,78.0,42.0,pm25,ug/m3,3,5,8955.859713045193
New Delhi-8118,2025-04-22T06:30:00.000Z,71.0,13.685176793224283,22.496054806180204,0.05367550587106114,89.66666666666667,120.0,-49.0,pm25,ug/m3,3,6,1597.2198912387946
New Delhi-8118,2025-04-22T08:30:00.000Z,79.0,17.374159449551428,86.25714492302451,0.34747827484949995,90.0,71.0,8.0,pm25,ug/m3,3,8,6814.314448918936
New Delhi-8118,2025-04-22T09:30:00.000Z,116.0,27.378774904262446,83.04193807083408,1.7063160813747795,88.66666666666667,79.0,37.0,pm25,ug/m3,3,9,9632.864816216754
New Delhi-8118,2025-04-22T10:30:00.000Z,100.0,34.98599506578463,83.89440785499136,1.1187105434179019,98.33333333333333,116.0,-16.0,pm25,ug/m3,3,10,8389.440785499135
New Delhi-8118,2025-04-22T11:30:00.000Z,51.0,33.35396186439128,66.90853779785103,-0.6808314165750359,89.0,100.0,-49.0,pm25,ug/m3,3,11,3412.3354276904024
New Delhi-8118,2025-04-22T12:30:00.000Z,41.0,34.9841085166241,57.54837302414418,-1.0480848777980845,64.0,51.0,-10.0,pm25,ug/m3,3,12,2359.4832939899115
New Delhi-8118,2025-04-22T13:30:00.000Z,39.0,23.574622925816154,62.551495579519916,-1.121535570042694,43.666666666666664,41.0,-2.0,pm25,ug/m3,3,13,2439.5083276012765
New Delhi-8118,2025-04-22T14:30:00.000Z,47.0,39.05341952993916,23.80905324329626,-0.8277328010642553,42.333333333333336,39.0,8.0,pm25,ug/m3,3,14,1119.0255024349242
New Delhi-8118,2025-04-22T15:30:00.000Z,59.0,13.283885499294298,35.74571724875132,-0.3870286475965971,48.333333333333336,47.0,12.0,pm25,ug/m3,3,15,2108.997317676328
New Delhi-8118,2025-04-22T16:30:00.000Z,69.0,16.814398764890516,25.56781053454735,-0.019775186373548567,58.333333333333336,59.0,10.0,pm25,ug/m3,3,16,1764.178926883767
New Delhi-8118,2025-04-22T17:30:00.000Z,88.0,35.4047855357325,68.57221128519143,0.6780063899502436,72.0,69.0,19.0,pm25,ug/m3,3,17,6034.354593096846
New Delhi-8118,2025-04-22T18:30:00.000Z,98.0,11.626685990314162,29.01677676540944,1.0452598511732922,85.0,88.0,10.0,pm25,ug/m3,3,18,2843.644123010125
New Delhi-8118,2025-04-22T19:30:00.000Z,75.0,20.76266285763782,82.11941340913663,0.20057689036028054,87.0,98.0,-23.0,pm25,ug/m3,3,19,6158.956005685247
New Delhi-8118,2025-04-22T20:30:00.000Z,60.0,28.14217899155512,51.334415305059316,-0.35030330147429223,77.66666666666667,75.0,-15.0,pm25,ug/m3,3,20,3080.064918303559
New Delhi-8118,2025-04-22T21:30:00.000Z,62.0,23.997686500811994,31.35681656112537,-0.2768526092296825,65.66666666666667,60.0,2.0,pm25,ug/m3,3,21,1944.122626789773
New Delhi-8118,2025-04-22T22:30:00.000Z,59.0,37.97153705624228,37.567660019337985,-0.3870286475965971,60.333333333333336,62.0,-3.0,pm25,ug/m3,3,22,2216.491941140941
New Delhi-8118,2025-04-22T23:30:00.000Z,59.0,30.53767281302979,83.45248190147751,-0.3870286475965971,60.0,59.0,0.0,pm25,ug/m3,3,23,4923.696432187173
New Delhi-8118,2025-04-23T00:30:00.000Z,106.0,27.419669949250487,66.8539739064276,1.339062620151731,74.66666666666667,59.0,47.0,pm25,ug/m3,4,0,7086.521234081325
New Delhi-8118,2025-04-23T01:30:00.000Z,150.0,21.029323203835983,32.45655881771758,2.9549778495331447,105.0,106.0,44.0,pm25,ug/m3,4,1,4868.483822657637
New Delhi-8118,2025-04-23T02:30:00.000Z,111.0,20.656192903962975,26.375025749032954,1.5226893507632553,122.33333333333333,150.0,-39.0,pm25,ug/m3,4,2,2927.6278581426577
New Delhi-8118,2025-04-23T03:30:00.000Z,84.0,32.90308674094629,54.089223183815236,0.5311050054610242,115.0,111.0,-27.0,pm25,ug/m3,4,3,4543.49474744048
New Delhi-8118,2025-04-23T04:30:00.000Z,94.0,32.98168346904566,31.596680385748897,0.8983584666840727,96.33333333333333,84.0,10.0,pm25,ug/m3,4,4,2970.0879562603964
New Delhi-8118,2025-04-23T05:30:00.000Z,64.0,30.04327385139512,20.534136578567484,-0.20340191698507282,80.66666666666667,94.0,-30.0,pm25,ug/m3,4,5,1314.184741028319
New Delhi-8118,2025-04-23T06:30:00.000Z,62.0,12.8646870185114,25.045057369577425,-0.2768526092296825,73.33333333333333,64.0,-2.0,pm25,ug/m3,4,6,1552.7935569138003
New Delhi-8118,2025-04-23T07:30:00.000Z,51.0,36.61005940724573,32.17698578909279,-0.6808314165750359,59.0,62.0,-11.0,pm25,ug/m3,4,7,1641.0262752437322
New Delhi-8118,2025-04-23T08:30:00.000Z,44.0,13.924605171569198,74.88577418329298,-0.9379088394311699,52.333333333333336,51.0,-7.0,pm25,ug/m3,4,8,3294.974064064891
New Delhi-8118,2025-04-23T09:30:00.000Z,54.0,28.145053693624764,61.46275191660565,-0.5706553782081214,49.666666666666664,44.0,10.0,pm25,ug/m3,4,9,3318.988603496705
New Delhi-8118,2025-04-23T10:30:00.000Z,54.0,39.603620794371835,47.31251803589661,-0.5706553782081214,50.666666666666664,54.0,0.0,pm25,ug/m3,4,10,2554.875973938417
New Delhi-8118,2025-04-23T11:30:00.000Z,43.0,21.96332572744524,38.28016584715082,-0.9746341855534747,50.333333333333336,54.0,-11.0,pm25,ug/m3,4,11,1646.0471314274853
New Delhi-8118,2025-04-23T12:30:00.000Z,51.0,16.87303398202422,51.92449321477807,-0.6808314165750359,49.333333333333336,43.0,8.0,pm25,ug/m3,4,12,2648.1491539536814
New Delhi-8118,2025-04-23T13:30:00.000Z,49.0,28.787479585265032,65.27729024530728,-0.7542821088196456,47.666666666666664,51.0,-2.0,pm25,ug/m3,4,13,3198.5872220200567
New Delhi-8118,2025-04-23T14:30:00.000Z,53.0,29.789331881027014,46.7503264017579,-0.6073807243304262,51.0,49.0,4.0,pm25,ug/m3,4,14,2477.767299293169
New Delhi-8118,2025-04-23T15:30:00.000Z,67.0,23.273963947096952,27.477998634117355,-0.09322587861815827,56.333333333333336,53.0,14.0,pm25,ug/m3,4,15,1841.0259084858628
New Delhi-8118,2025-04-23T16:30:00.000Z,71.0,30.373216786686847,28.842208921423268,0.05367550587106114,63.666666666666664,67.0,4.0,pm25,ug/m3,4,16,2047.796833421052
New Delhi-8118,2025-04-23T17:30:00.000Z,76.0,25.25849733540137,45.06174181360363,0.2373022364825854,71.33333333333333,71.0,5.0,pm25,ug/m3,4,17,3424.692377833876
